<?xml version="1.0" encoding="UTF-8"?>
<CFe>
    <infCFe versaoDadosEnt="0.07">
        <ide>
            <CNPJ>10615281000140</CNPJ>
            <signAC>CODIGO DE VINCULACAO AC DO MFE-CFE</signAC>
            <numeroCaixa>001</numeroCaixa>
        </ide>
        <emit>
            <CNPJ>14200166000166</CNPJ>
            <IE>001234567890</IE>
            <IM>9004029</IM>
            <indRatISSQN>N</indRatISSQN>
        </emit>
        <dest/>
        <det nItem="1">
            <prod>
                <cProd>72289</cProd>
                <cEAN>7896094902053</cEAN>
                <xProd>TESTA ESSE</xProd>
                <NCM>33059000</NCM>
                <CFOP>5403</CFOP>
                <uCom>UN</uCom>
                <qCom>1.0000</qCom>
                <vUnCom>5.38</vUnCom>
                <indRegra>A</indRegra>
            </prod>
            <imposto>
                <vItem12741>2.32</vItem12741>
                <ICMS>
                    <ICMSSN102>
                        <Orig>0</Orig>
                        <CSOSN>500</CSOSN>
                    </ICMSSN102>
                </ICMS>
                <PIS>
                    <PISSN>
                        <CST>49</CST>
                    </PISSN>
                </PIS>
                <COFINS>
                    <COFINSSN>
                        <CST>49</CST>
                    </COFINSSN>
                </COFINS>
            </imposto>
        </det>
        <total>
            <vCFeLei12741>2.32</vCFeLei12741>
        </total>
        <pgto>
            <MP><cMP>03</cMP>
                <vMP>6.00</vMP>
                <cAdmC>003</cAdmC>                
            </MP>
        </pgto>
    </infCFe>
</CFe>